id,plan_id,payer_id,drug_name,state_name,coverage_status,drug_tier,drug_requirements,is_prior_authorization_required,is_step_therapy_required,is_quantity_limit_applied,confidence_score,source_url,plan_name,payer_name,file_name,ndc_code,jcode,coverage_details,status
92dfc7b2-aaf6-4172-815f-4a36014a1d3e,1fb786b9-7b65-4119-9af3-a2b7f41deef5,8f0f304c-e7cb-4d6c-a107-a563cf1463b4,nan,Colorado,Covered,Tier 1,nan,No,No,No,0.95,https://healthy.kaiserpermanente.org/content/dam/kporg/final/documents/formularies/co/preferred-provider-organization-co-en.pdf,Kaiser Permanente Insurance Company (KPIC),Kaiser Permanente,Colorado_Kaiser Permanente_Kaiser Permanente Insurance Company (KPIC).pdf,,,,completed
2e910ea3-bc9d-4883-a365-9ead54d9454c,1fb786b9-7b65-4119-9af3-a2b7f41deef5,8f0f304c-e7cb-4d6c-a107-a563cf1463b4,nan,Colorado,Covered,,nan,No,No,No,0.95,https://healthy.kaiserpermanente.org/content/dam/kporg/final/documents/formularies/co/preferred-provider-organization-co-en.pdf,Kaiser Permanente Insurance Company (KPIC),Kaiser Permanente,Colorado_Kaiser Permanente_Kaiser Permanente Insurance Company (KPIC).pdf,,,,completed
cb6922e9-87f0-44e0-aac7-ec3a4fb71f17,1fb786b9-7b65-4119-9af3-a2b7f41deef5,8f0f304c-e7cb-4d6c-a107-a563cf1463b4,nan,Colorado,Covered,Tier 2,nan,No,No,No,0.95,https://healthy.kaiserpermanente.org/content/dam/kporg/final/documents/formularies/co/preferred-provider-organization-co-en.pdf,Kaiser Permanente Insurance Company (KPIC),Kaiser Permanente,Colorado_Kaiser Permanente_Kaiser Permanente Insurance Company (KPIC).pdf,,,,completed
ea998891-f590-4712-b9e3-cb2ba3b84461,1fb786b9-7b65-4119-9af3-a2b7f41deef5,8f0f304c-e7cb-4d6c-a107-a563cf1463b4,nan,Colorado,Covered,Tier 3,nan,No,No,No,0.95,https://healthy.kaiserpermanente.org/content/dam/kporg/final/documents/formularies/co/preferred-provider-organization-co-en.pdf,Kaiser Permanente Insurance Company (KPIC),Kaiser Permanente,Colorado_Kaiser Permanente_Kaiser Permanente Insurance Company (KPIC).pdf,,,,completed
e861f79f-4dea-43ab-96b0-af48fd7bd383,1fb786b9-7b65-4119-9af3-a2b7f41deef5,8f0f304c-e7cb-4d6c-a107-a563cf1463b4,nan,Colorado,Covered,Tier 4,nan,No,No,No,0.95,https://healthy.kaiserpermanente.org/content/dam/kporg/final/documents/formularies/co/preferred-provider-organization-co-en.pdf,Kaiser Permanente Insurance Company (KPIC),Kaiser Permanente,Colorado_Kaiser Permanente_Kaiser Permanente Insurance Company (KPIC).pdf,,,,completed
aceefb44-54fe-4a81-8d33-4609795af41b,1fb786b9-7b65-4119-9af3-a2b7f41deef5,8f0f304c-e7cb-4d6c-a107-a563cf1463b4,nan,Colorado,Covered,(paliperidone),nan,No,No,No,0.95,https://healthy.kaiserpermanente.org/content/dam/kporg/final/documents/formularies/co/preferred-provider-organization-co-en.pdf,Kaiser Permanente Insurance Company (KPIC),Kaiser Permanente,Colorado_Kaiser Permanente_Kaiser Permanente Insurance Company (KPIC).pdf,,,,completed
74ef9bee-36e5-42b3-818b-28e08ffbfd88,1fb786b9-7b65-4119-9af3-a2b7f41deef5,8f0f304c-e7cb-4d6c-a107-a563cf1463b4,nan,Colorado,Covered,Tier 5,nan,No,No,No,0.95,https://healthy.kaiserpermanente.org/content/dam/kporg/final/documents/formularies/co/preferred-provider-organization-co-en.pdf,Kaiser Permanente Insurance Company (KPIC),Kaiser Permanente,Colorado_Kaiser Permanente_Kaiser Permanente Insurance Company (KPIC).pdf,,,,completed
cc3cf6e9-98b9-46d7-ab45-55d59d7a768d,1fb786b9-7b65-4119-9af3-a2b7f41deef5,8f0f304c-e7cb-4d6c-a107-a563cf1463b4,nan,Colorado,Covered,Tier 6,nan,No,No,No,0.95,https://healthy.kaiserpermanente.org/content/dam/kporg/final/documents/formularies/co/preferred-provider-organization-co-en.pdf,Kaiser Permanente Insurance Company (KPIC),Kaiser Permanente,Colorado_Kaiser Permanente_Kaiser Permanente Insurance Company (KPIC).pdf,,,,completed
c5305970-ee82-429c-9893-06ae9f576ef9,1fb786b9-7b65-4119-9af3-a2b7f41deef5,8f0f304c-e7cb-4d6c-a107-a563cf1463b4,nan,Colorado,Covered,(blood-glucose meter),nan,No,No,No,0.95,https://healthy.kaiserpermanente.org/content/dam/kporg/final/documents/formularies/co/preferred-provider-organization-co-en.pdf,Kaiser Permanente Insurance Company (KPIC),Kaiser Permanente,Colorado_Kaiser Permanente_Kaiser Permanente Insurance Company (KPIC).pdf,,,,completed
987651e8-7833-4587-81f1-cc722eaeabbd,1fb786b9-7b65-4119-9af3-a2b7f41deef5,8f0f304c-e7cb-4d6c-a107-a563cf1463b4,ERYPED 400 ORAL SUSPENSION FOR RECONSTITUTION 400 MG/5,Colorado,Covered,Tier 3,,No,No,No,0.95,https://healthy.kaiserpermanente.org/content/dam/kporg/final/documents/formularies/co/preferred-provider-organization-co-en.pdf,Kaiser Permanente Insurance Company (KPIC),Kaiser Permanente,Colorado_Kaiser Permanente_Kaiser Permanente Insurance Company (KPIC).pdf,,,,completed
e1a15fb3-9f3c-4c10-9de4-759dd8bae5d9,1fb786b9-7b65-4119-9af3-a2b7f41deef5,8f0f304c-e7cb-4d6c-a107-a563cf1463b4,"ERY-TAB ORAL TABLET,DELAYED RELEASE (DR/EC) 250 MG, 500",Colorado,Covered,Tier 1,,No,No,No,0.95,https://healthy.kaiserpermanente.org/content/dam/kporg/final/documents/formularies/co/preferred-provider-organization-co-en.pdf,Kaiser Permanente Insurance Company (KPIC),Kaiser Permanente,Colorado_Kaiser Permanente_Kaiser Permanente Insurance Company (KPIC).pdf,,,,completed
a27d1cd4-8719-4991-827a-dfd58618324a,1fb786b9-7b65-4119-9af3-a2b7f41deef5,8f0f304c-e7cb-4d6c-a107-a563cf1463b4,"ERY-TAB ORAL TABLET,DELAYED RELEASE (DR/EC) 333",Colorado,Covered,Tier 3,,No,No,No,0.95,https://healthy.kaiserpermanente.org/content/dam/kporg/final/documents/formularies/co/preferred-provider-organization-co-en.pdf,Kaiser Permanente Insurance Company (KPIC),Kaiser Permanente,Colorado_Kaiser Permanente_Kaiser Permanente Insurance Company (KPIC).pdf,,,,completed
0319013e-6190-4b65-8db3-cc2951fbc023,1fb786b9-7b65-4119-9af3-a2b7f41deef5,8f0f304c-e7cb-4d6c-a107-a563cf1463b4,ERYTHROCIN (AS STEARATE) ORAL TABLET 250,Colorado,Covered,Tier 1,,No,No,No,0.95,https://healthy.kaiserpermanente.org/content/dam/kporg/final/documents/formularies/co/preferred-provider-organization-co-en.pdf,Kaiser Permanente Insurance Company (KPIC),Kaiser Permanente,Colorado_Kaiser Permanente_Kaiser Permanente Insurance Company (KPIC).pdf,,,,completed
41fa6143-42d7-4f87-9c43-1a164a69a12a,1fb786b9-7b65-4119-9af3-a2b7f41deef5,8f0f304c-e7cb-4d6c-a107-a563cf1463b4,erythromycin ethylsuccinate oral suspension for reconstitution 200 mg/5,Colorado,Covered,Tier 1,,No,No,No,0.95,https://healthy.kaiserpermanente.org/content/dam/kporg/final/documents/formularies/co/preferred-provider-organization-co-en.pdf,Kaiser Permanente Insurance Company (KPIC),Kaiser Permanente,Colorado_Kaiser Permanente_Kaiser Permanente Insurance Company (KPIC).pdf,,,,completed
bf7feae6-cab8-445f-b34e-f3a2d0ed0067,1fb786b9-7b65-4119-9af3-a2b7f41deef5,8f0f304c-e7cb-4d6c-a107-a563cf1463b4,erythromycin ethylsuccinate oral suspension for reconstitution 400 mg/5,Colorado,Covered,Tier 1,,No,No,No,0.95,https://healthy.kaiserpermanente.org/content/dam/kporg/final/documents/formularies/co/preferred-provider-organization-co-en.pdf,Kaiser Permanente Insurance Company (KPIC),Kaiser Permanente,Colorado_Kaiser Permanente_Kaiser Permanente Insurance Company (KPIC).pdf,,,,completed
ffddaeb6-3b5d-4804-94f0-9346e1a35a69,1fb786b9-7b65-4119-9af3-a2b7f41deef5,8f0f304c-e7cb-4d6c-a107-a563cf1463b4,erythromycin ethylsuccinate oral tablet 400,Colorado,Covered,Tier 1,,No,No,No,0.95,https://healthy.kaiserpermanente.org/content/dam/kporg/final/documents/formularies/co/preferred-provider-organization-co-en.pdf,Kaiser Permanente Insurance Company (KPIC),Kaiser Permanente,Colorado_Kaiser Permanente_Kaiser Permanente Insurance Company (KPIC).pdf,,,,completed
5896dba4-267e-434a-88da-86f165674fa1,1fb786b9-7b65-4119-9af3-a2b7f41deef5,8f0f304c-e7cb-4d6c-a107-a563cf1463b4,"erythromycin oral capsule,delayed release(dr/ec) 250",Colorado,Covered,Tier 1,,No,No,No,0.95,https://healthy.kaiserpermanente.org/content/dam/kporg/final/documents/formularies/co/preferred-provider-organization-co-en.pdf,Kaiser Permanente Insurance Company (KPIC),Kaiser Permanente,Colorado_Kaiser Permanente_Kaiser Permanente Insurance Company (KPIC).pdf,,,,completed
03dd1e55-8738-48e2-8917-96d53f106711,1fb786b9-7b65-4119-9af3-a2b7f41deef5,8f0f304c-e7cb-4d6c-a107-a563cf1463b4,"erythromycin oral tablet 250 mg, 500",Colorado,Covered,Tier 1,,No,No,No,0.95,https://healthy.kaiserpermanente.org/content/dam/kporg/final/documents/formularies/co/preferred-provider-organization-co-en.pdf,Kaiser Permanente Insurance Company (KPIC),Kaiser Permanente,Colorado_Kaiser Permanente_Kaiser Permanente Insurance Company (KPIC).pdf,,,,completed
bdbe9021-1d10-4522-a8b1-5b601e7fd5ab,1fb786b9-7b65-4119-9af3-a2b7f41deef5,8f0f304c-e7cb-4d6c-a107-a563cf1463b4,"erythromycin oral tablet,delayed release (dr/ec) 250 mg, 333 mg, 500",Colorado,Covered,Tier 1,,No,No,No,0.95,https://healthy.kaiserpermanente.org/content/dam/kporg/final/documents/formularies/co/preferred-provider-organization-co-en.pdf,Kaiser Permanente Insurance Company (KPIC),Kaiser Permanente,Colorado_Kaiser Permanente_Kaiser Permanente Insurance Company (KPIC).pdf,,,,completed
b5933b12-761d-4e95-8593-c4a103a0094c,1fb786b9-7b65-4119-9af3-a2b7f41deef5,8f0f304c-e7cb-4d6c-a107-a563cf1463b4,ZITHROMAX ORAL PACKET 1 GRAM,Colorado,Covered,Tier 3,,No,No,No,0.95,https://healthy.kaiserpermanente.org/content/dam/kporg/final/documents/formularies/co/preferred-provider-organization-co-en.pdf,Kaiser Permanente Insurance Company (KPIC),Kaiser Permanente,Colorado_Kaiser Permanente_Kaiser Permanente Insurance Company (KPIC).pdf,,,,completed
80bf4238-3f4c-4f3e-b945-87693820dc05,1fb786b9-7b65-4119-9af3-a2b7f41deef5,8f0f304c-e7cb-4d6c-a107-a563cf1463b4,"ZITHROMAX ORAL SUSPENSION FOR RECONSTITUTION 100 MG/5 ML, 200 MG/5",Colorado,Covered,Tier 3,,No,No,No,0.95,https://healthy.kaiserpermanente.org/content/dam/kporg/final/documents/formularies/co/preferred-provider-organization-co-en.pdf,Kaiser Permanente Insurance Company (KPIC),Kaiser Permanente,Colorado_Kaiser Permanente_Kaiser Permanente Insurance Company (KPIC).pdf,,,,completed
e82d964c-5b35-442b-b492-50c8cbc56aa0,1fb786b9-7b65-4119-9af3-a2b7f41deef5,8f0f304c-e7cb-4d6c-a107-a563cf1463b4,"ZITHROMAX ORAL TABLET 250 MG, 500",Colorado,Covered,Tier 3,,No,No,No,0.95,https://healthy.kaiserpermanente.org/content/dam/kporg/final/documents/formularies/co/preferred-provider-organization-co-en.pdf,Kaiser Permanente Insurance Company (KPIC),Kaiser Permanente,Colorado_Kaiser Permanente_Kaiser Permanente Insurance Company (KPIC).pdf,,,,completed
356aeeab-0476-4dad-adfc-6338eb40937a,1fb786b9-7b65-4119-9af3-a2b7f41deef5,8f0f304c-e7cb-4d6c-a107-a563cf1463b4,ZITHROMAX TRI-PAK ORAL TABLET 500,Colorado,Covered,Tier 3,,No,No,No,0.95,https://healthy.kaiserpermanente.org/content/dam/kporg/final/documents/formularies/co/preferred-provider-organization-co-en.pdf,Kaiser Permanente Insurance Company (KPIC),Kaiser Permanente,Colorado_Kaiser Permanente_Kaiser Permanente Insurance Company (KPIC).pdf,,,,completed
37dfc412-7d02-4c3b-91c6-2a2c822e73bf,1fb786b9-7b65-4119-9af3-a2b7f41deef5,8f0f304c-e7cb-4d6c-a107-a563cf1463b4,ZITHROMAX Z-PAK ORAL TABLET 250,Colorado,Covered,Tier 3,,No,No,No,0.95,https://healthy.kaiserpermanente.org/content/dam/kporg/final/documents/formularies/co/preferred-provider-organization-co-en.pdf,Kaiser Permanente Insurance Company (KPIC),Kaiser Permanente,Colorado_Kaiser Permanente_Kaiser Permanente Insurance Company (KPIC).pdf,,,,completed
3b5d563e-683d-48f9-ac4c-a308ceee3f2f,1fb786b9-7b65-4119-9af3-a2b7f41deef5,8f0f304c-e7cb-4d6c-a107-a563cf1463b4,FURADANTIN ORAL SUSPENSION 25 MG/5,Colorado,Covered,Tier 3,PA,Yes,No,No,0.95,https://healthy.kaiserpermanente.org/content/dam/kporg/final/documents/formularies/co/preferred-provider-organization-co-en.pdf,Kaiser Permanente Insurance Company (KPIC),Kaiser Permanente,Colorado_Kaiser Permanente_Kaiser Permanente Insurance Company (KPIC).pdf,,,,completed
0430687c-1c5f-4486-b5ac-274b45c1fe7b,1fb786b9-7b65-4119-9af3-a2b7f41deef5,8f0f304c-e7cb-4d6c-a107-a563cf1463b4,MACROBID ORAL CAPSULE 100,Colorado,Covered,Tier 3,,No,No,No,0.95,https://healthy.kaiserpermanente.org/content/dam/kporg/final/documents/formularies/co/preferred-provider-organization-co-en.pdf,Kaiser Permanente Insurance Company (KPIC),Kaiser Permanente,Colorado_Kaiser Permanente_Kaiser Permanente Insurance Company (KPIC).pdf,,,,completed
6b37418a-a21a-43c5-bbcf-3d0e22ed4953,1fb786b9-7b65-4119-9af3-a2b7f41deef5,8f0f304c-e7cb-4d6c-a107-a563cf1463b4,"nitrofurantoin macrocrystal oral capsule 100 mg, 50",Colorado,Covered,Tier 1,,No,No,No,0.95,https://healthy.kaiserpermanente.org/content/dam/kporg/final/documents/formularies/co/preferred-provider-organization-co-en.pdf,Kaiser Permanente Insurance Company (KPIC),Kaiser Permanente,Colorado_Kaiser Permanente_Kaiser Permanente Insurance Company (KPIC).pdf,,,,completed
235df04b-2aec-4531-ae50-997b174221f0,1fb786b9-7b65-4119-9af3-a2b7f41deef5,8f0f304c-e7cb-4d6c-a107-a563cf1463b4,nitrofurantoin macrocrystal oral capsule 25,Colorado,Covered,Tier 1,QL (4 EA per 1 day),No,No,Yes,0.95,https://healthy.kaiserpermanente.org/content/dam/kporg/final/documents/formularies/co/preferred-provider-organization-co-en.pdf,Kaiser Permanente Insurance Company (KPIC),Kaiser Permanente,Colorado_Kaiser Permanente_Kaiser Permanente Insurance Company (KPIC).pdf,,,,completed
41da1a2e-e2fd-4a34-9147-cb33e6c34433,1fb786b9-7b65-4119-9af3-a2b7f41deef5,8f0f304c-e7cb-4d6c-a107-a563cf1463b4,nitrofurantoinnohyd/m-cryst oral capsule 100,Colorado,Covered,Tier 1,,No,No,No,0.95,https://healthy.kaiserpermanente.org/content/dam/kporg/final/documents/formularies/co/preferred-provider-organization-co-en.pdf,Kaiser Permanente Insurance Company (KPIC),Kaiser Permanente,Colorado_Kaiser Permanente_Kaiser Permanente Insurance Company (KPIC).pdf,,,,completed
74f9fd47-11e4-46f6-8955-97888167d04c,1fb786b9-7b65-4119-9af3-a2b7f41deef5,8f0f304c-e7cb-4d6c-a107-a563cf1463b4,nitrofurantoin oral suspension 25 mg/5,Colorado,Covered,Tier 1,PA,Yes,No,No,0.95,https://healthy.kaiserpermanente.org/content/dam/kporg/final/documents/formularies/co/preferred-provider-organization-co-en.pdf,Kaiser Permanente Insurance Company (KPIC),Kaiser Permanente,Colorado_Kaiser Permanente_Kaiser Permanente Insurance Company (KPIC).pdf,,,,completed
86188cab-3a68-4a72-beb6-325c49227cf9,1fb786b9-7b65-4119-9af3-a2b7f41deef5,8f0f304c-e7cb-4d6c-a107-a563cf1463b4,nitrofurantoin oral suspension 50 mg/5,Colorado,Covered,Tier 1,,No,No,No,0.95,https://healthy.kaiserpermanente.org/content/dam/kporg/final/documents/formularies/co/preferred-provider-organization-co-en.pdf,Kaiser Permanente Insurance Company (KPIC),Kaiser Permanente,Colorado_Kaiser Permanente_Kaiser Permanente Insurance Company (KPIC).pdf,,,,completed
84877bc5-3c3c-4726-91ea-e50040aee28d,1fb786b9-7b65-4119-9af3-a2b7f41deef5,8f0f304c-e7cb-4d6c-a107-a563cf1463b4,nan,Colorado,Covered,(Baraclude),nan,No,No,No,0.95,https://healthy.kaiserpermanente.org/content/dam/kporg/final/documents/formularies/co/preferred-provider-organization-co-en.pdf,Kaiser Permanente Insurance Company (KPIC),Kaiser Permanente,Colorado_Kaiser Permanente_Kaiser Permanente Insurance Company (KPIC).pdf,,,,completed
62e74274-e346-4ec8-af0b-93ea0361d86b,1fb786b9-7b65-4119-9af3-a2b7f41deef5,8f0f304c-e7cb-4d6c-a107-a563cf1463b4,nan,Colorado,Covered,(adefovir),nan,No,No,No,0.95,https://healthy.kaiserpermanente.org/content/dam/kporg/final/documents/formularies/co/preferred-provider-organization-co-en.pdf,Kaiser Permanente Insurance Company (KPIC),Kaiser Permanente,Colorado_Kaiser Permanente_Kaiser Permanente Insurance Company (KPIC).pdf,,,,completed
3b55ce34-927d-4ae8-a6f1-cc796406dc39,1fb786b9-7b65-4119-9af3-a2b7f41deef5,8f0f304c-e7cb-4d6c-a107-a563cf1463b4,MAVENCLAD (9 TABLET PACK) ORAL TABLET 10,Colorado,Covered,Tier 3,PA; MO,Yes,No,No,0.95,https://healthy.kaiserpermanente.org/content/dam/kporg/final/documents/formularies/co/preferred-provider-organization-co-en.pdf,Kaiser Permanente Insurance Company (KPIC),Kaiser Permanente,Colorado_Kaiser Permanente_Kaiser Permanente Insurance Company (KPIC).pdf,,,,completed
42c764d3-cecc-4212-997d-58c0f0d8c4f3,1fb786b9-7b65-4119-9af3-a2b7f41deef5,8f0f304c-e7cb-4d6c-a107-a563cf1463b4,"MAYZENT ORAL TABLET 0.25 MG, 1 MG, 2",Colorado,Covered,Tier 3,PA; MO,Yes,No,No,0.95,https://healthy.kaiserpermanente.org/content/dam/kporg/final/documents/formularies/co/preferred-provider-organization-co-en.pdf,Kaiser Permanente Insurance Company (KPIC),Kaiser Permanente,Colorado_Kaiser Permanente_Kaiser Permanente Insurance Company (KPIC).pdf,,,,completed
892c88f4-0de9-4311-ac04-2cbb49064fa9,1fb786b9-7b65-4119-9af3-a2b7f41deef5,8f0f304c-e7cb-4d6c-a107-a563cf1463b4,"MAYZENT STARTER(FOR 1MG MAINT) ORAL TABLETS,DOSE PACK 0.25 MG (7 TABS)",Colorado,Covered,Tier 3,PA,Yes,No,No,0.95,https://healthy.kaiserpermanente.org/content/dam/kporg/final/documents/formularies/co/preferred-provider-organization-co-en.pdf,Kaiser Permanente Insurance Company (KPIC),Kaiser Permanente,Colorado_Kaiser Permanente_Kaiser Permanente Insurance Company (KPIC).pdf,,,,completed
5a65c6f6-b65f-4f77-8a1f-85c16832a0fe,1fb786b9-7b65-4119-9af3-a2b7f41deef5,8f0f304c-e7cb-4d6c-a107-a563cf1463b4,"MAYZENT STARTER(FOR 2MG MAINT) ORAL TABLETS,DOSE PACK 0.25 MG (12 TABS)",Colorado,Covered,Tier 3,PA,Yes,No,No,0.95,https://healthy.kaiserpermanente.org/content/dam/kporg/final/documents/formularies/co/preferred-provider-organization-co-en.pdf,Kaiser Permanente Insurance Company (KPIC),Kaiser Permanente,Colorado_Kaiser Permanente_Kaiser Permanente Insurance Company (KPIC).pdf,,,,completed
08dec730-f33b-4098-95db-88edc1042c37,1fb786b9-7b65-4119-9af3-a2b7f41deef5,8f0f304c-e7cb-4d6c-a107-a563cf1463b4,PLEGRIDY INTRAMUSCULAR SYRINGE 125 MCG/0.5,Colorado,Covered,Tier 3,PA; MO,Yes,No,No,0.95,https://healthy.kaiserpermanente.org/content/dam/kporg/final/documents/formularies/co/preferred-provider-organization-co-en.pdf,Kaiser Permanente Insurance Company (KPIC),Kaiser Permanente,Colorado_Kaiser Permanente_Kaiser Permanente Insurance Company (KPIC).pdf,,,,completed
b44a7942-a1d9-48e3-aa53-f57c2c3e4d05,1fb786b9-7b65-4119-9af3-a2b7f41deef5,8f0f304c-e7cb-4d6c-a107-a563cf1463b4,PLEGRIDY SUBCUTANEOUS PEN INJECTOR 125 MCG/0.5,Colorado,Covered,Tier 3,PA; MO,Yes,No,No,0.95,https://healthy.kaiserpermanente.org/content/dam/kporg/final/documents/formularies/co/preferred-provider-organization-co-en.pdf,Kaiser Permanente Insurance Company (KPIC),Kaiser Permanente,Colorado_Kaiser Permanente_Kaiser Permanente Insurance Company (KPIC).pdf,,,,completed
ef13e5ca-6d05-4173-9b9c-77f18e86d9ae,1fb786b9-7b65-4119-9af3-a2b7f41deef5,8f0f304c-e7cb-4d6c-a107-a563cf1463b4,PLEGRIDY SUBCUTANEOUS PEN INJECTOR 63 MCG/0.5 ML- 94 MCG/0.5,Colorado,Covered,Tier 3,PA,Yes,No,No,0.95,https://healthy.kaiserpermanente.org/content/dam/kporg/final/documents/formularies/co/preferred-provider-organization-co-en.pdf,Kaiser Permanente Insurance Company (KPIC),Kaiser Permanente,Colorado_Kaiser Permanente_Kaiser Permanente Insurance Company (KPIC).pdf,,,,completed
929ed88f-203b-4ce2-a166-75ad593334cb,1fb786b9-7b65-4119-9af3-a2b7f41deef5,8f0f304c-e7cb-4d6c-a107-a563cf1463b4,PLEGRIDY SUBCUTANEOUS SYRINGE 125 MCG/0.5,Colorado,Covered,Tier 3,PA; MO,Yes,No,No,0.95,https://healthy.kaiserpermanente.org/content/dam/kporg/final/documents/formularies/co/preferred-provider-organization-co-en.pdf,Kaiser Permanente Insurance Company (KPIC),Kaiser Permanente,Colorado_Kaiser Permanente_Kaiser Permanente Insurance Company (KPIC).pdf,,,,completed
de6d8df0-53b8-4e10-a95a-e473d0f903e5,1fb786b9-7b65-4119-9af3-a2b7f41deef5,8f0f304c-e7cb-4d6c-a107-a563cf1463b4,PLEGRIDY SUBCUTANEOUS SYRINGE 63 MCG/0.5 ML- 94 MCG/0.5,Colorado,Covered,Tier 3,PA,Yes,No,No,0.95,https://healthy.kaiserpermanente.org/content/dam/kporg/final/documents/formularies/co/preferred-provider-organization-co-en.pdf,Kaiser Permanente Insurance Company (KPIC),Kaiser Permanente,Colorado_Kaiser Permanente_Kaiser Permanente Insurance Company (KPIC).pdf,,,,completed
4399affb-0c24-406c-8976-8657ec0464d0,1fb786b9-7b65-4119-9af3-a2b7f41deef5,8f0f304c-e7cb-4d6c-a107-a563cf1463b4,"PONVORY 14-DAY STARTER PACK ORAL TABLETS,DOSE PACK 2 MG (2) - 10 MG (3)",Colorado,Covered,Tier 4,PA,Yes,No,No,0.95,https://healthy.kaiserpermanente.org/content/dam/kporg/final/documents/formularies/co/preferred-provider-organization-co-en.pdf,Kaiser Permanente Insurance Company (KPIC),Kaiser Permanente,Colorado_Kaiser Permanente_Kaiser Permanente Insurance Company (KPIC).pdf,,,,completed
834d5cb1-2d4a-4c37-82d3-6b5c89c14ea3,1fb786b9-7b65-4119-9af3-a2b7f41deef5,8f0f304c-e7cb-4d6c-a107-a563cf1463b4,PONVORY ORAL TABLET 20,Colorado,Covered,Tier 4,PA; MO,Yes,No,No,0.95,https://healthy.kaiserpermanente.org/content/dam/kporg/final/documents/formularies/co/preferred-provider-organization-co-en.pdf,Kaiser Permanente Insurance Company (KPIC),Kaiser Permanente,Colorado_Kaiser Permanente_Kaiser Permanente Insurance Company (KPIC).pdf,,,,completed
beaebf30-9621-446d-94f7-048939a18027,1fb786b9-7b65-4119-9af3-a2b7f41deef5,8f0f304c-e7cb-4d6c-a107-a563cf1463b4,"REBIF (WITH ALBUMIN) SUBCUTANEOUS SYRINGE 22 MCG/0.5 ML, 44 MCG/0.5",Colorado,Covered,Tier 3,PA; MO,Yes,No,No,0.95,https://healthy.kaiserpermanente.org/content/dam/kporg/final/documents/formularies/co/preferred-provider-organization-co-en.pdf,Kaiser Permanente Insurance Company (KPIC),Kaiser Permanente,Colorado_Kaiser Permanente_Kaiser Permanente Insurance Company (KPIC).pdf,,,,completed
bded3b00-d1eb-4983-a8fe-075c766af88d,1fb786b9-7b65-4119-9af3-a2b7f41deef5,8f0f304c-e7cb-4d6c-a107-a563cf1463b4,"REBIF REBIDOSE SUBCUTANEOUS PEN INJECTOR 22 MCG/0.5 ML, 44 MCG/0.5",Colorado,Covered,Tier 3,PA; MO,Yes,No,No,0.95,https://healthy.kaiserpermanente.org/content/dam/kporg/final/documents/formularies/co/preferred-provider-organization-co-en.pdf,Kaiser Permanente Insurance Company (KPIC),Kaiser Permanente,Colorado_Kaiser Permanente_Kaiser Permanente Insurance Company (KPIC).pdf,,,,completed
9df57cc9-0329-4bda-9a36-b49effef65a0,1fb786b9-7b65-4119-9af3-a2b7f41deef5,8f0f304c-e7cb-4d6c-a107-a563cf1463b4,REBIF REBIDOSE SUBCUTANEOUS PEN INJECTOR 8.8MCG/0.2ML-22 MCG/0.5ML (6),Colorado,Covered,Tier 3,PA,Yes,No,No,0.95,https://healthy.kaiserpermanente.org/content/dam/kporg/final/documents/formularies/co/preferred-provider-organization-co-en.pdf,Kaiser Permanente Insurance Company (KPIC),Kaiser Permanente,Colorado_Kaiser Permanente_Kaiser Permanente Insurance Company (KPIC).pdf,,,,completed
1b638cb6-0f36-4204-a3db-098a16a6ba0f,1fb786b9-7b65-4119-9af3-a2b7f41deef5,8f0f304c-e7cb-4d6c-a107-a563cf1463b4,REBIF TITRATION PACK SUBCUTANEOUS SYRINGE 8.8MCG/0.2ML-22 MCG/0.5ML (6),Colorado,Covered,Tier 3,PA,Yes,No,No,0.95,https://healthy.kaiserpermanente.org/content/dam/kporg/final/documents/formularies/co/preferred-provider-organization-co-en.pdf,Kaiser Permanente Insurance Company (KPIC),Kaiser Permanente,Colorado_Kaiser Permanente_Kaiser Permanente Insurance Company (KPIC).pdf,,,,completed
b7ffe5a3-97d7-48ca-8658-a340fbeb4d0e,1fb786b9-7b65-4119-9af3-a2b7f41deef5,8f0f304c-e7cb-4d6c-a107-a563cf1463b4,"TASCENSO ODT ORAL TABLET,DISINTEGRATING 0.25 MG, 0.5",Colorado,Covered,Tier 4,PA; MO,Yes,No,No,0.95,https://healthy.kaiserpermanente.org/content/dam/kporg/final/documents/formularies/co/preferred-provider-organization-co-en.pdf,Kaiser Permanente Insurance Company (KPIC),Kaiser Permanente,Colorado_Kaiser Permanente_Kaiser Permanente Insurance Company (KPIC).pdf,,,,completed
65d107e3-5711-4cf5-9a2c-bcd15f08b453,1fb786b9-7b65-4119-9af3-a2b7f41deef5,8f0f304c-e7cb-4d6c-a107-a563cf1463b4,"TECFIDERA ORAL CAPSULE,DELAYED RELEASE(DR/EC) 120 MG (14)- 240 MG (46)",Colorado,Covered,Tier 4,PA,Yes,No,No,0.95,https://healthy.kaiserpermanente.org/content/dam/kporg/final/documents/formularies/co/preferred-provider-organization-co-en.pdf,Kaiser Permanente Insurance Company (KPIC),Kaiser Permanente,Colorado_Kaiser Permanente_Kaiser Permanente Insurance Company (KPIC).pdf,,,,completed
1197f3c4-1b4a-4118-a807-f2d0d7e49d62,1fb786b9-7b65-4119-9af3-a2b7f41deef5,8f0f304c-e7cb-4d6c-a107-a563cf1463b4,nan,Colorado,Covered,(Jadenu),nan,No,No,No,0.95,https://healthy.kaiserpermanente.org/content/dam/kporg/final/documents/formularies/co/preferred-provider-organization-co-en.pdf,Kaiser Permanente Insurance Company (KPIC),Kaiser Permanente,Colorado_Kaiser Permanente_Kaiser Permanente Insurance Company (KPIC).pdf,,,,completed
58f11653-ae59-4c34-a18f-7b60018c616d,1fb786b9-7b65-4119-9af3-a2b7f41deef5,8f0f304c-e7cb-4d6c-a107-a563cf1463b4,nan,Colorado,Covered,(Exjade),nan,No,No,No,0.95,https://healthy.kaiserpermanente.org/content/dam/kporg/final/documents/formularies/co/preferred-provider-organization-co-en.pdf,Kaiser Permanente Insurance Company (KPIC),Kaiser Permanente,Colorado_Kaiser Permanente_Kaiser Permanente Insurance Company (KPIC).pdf,,,,completed
5776a99b-64d4-49cd-86c0-e0530842139a,1fb786b9-7b65-4119-9af3-a2b7f41deef5,8f0f304c-e7cb-4d6c-a107-a563cf1463b4,nan,Colorado,Covered,(Ferriprox),nan,No,No,No,0.95,https://healthy.kaiserpermanente.org/content/dam/kporg/final/documents/formularies/co/preferred-provider-organization-co-en.pdf,Kaiser Permanente Insurance Company (KPIC),Kaiser Permanente,Colorado_Kaiser Permanente_Kaiser Permanente Insurance Company (KPIC).pdf,,,,completed
5ee86bf5-1d44-4210-b4b4-4bd0d6dab4e8,1fb786b9-7b65-4119-9af3-a2b7f41deef5,8f0f304c-e7cb-4d6c-a107-a563cf1463b4,nan,Colorado,Covered,(Desferal),nan,No,No,No,0.95,https://healthy.kaiserpermanente.org/content/dam/kporg/final/documents/formularies/co/preferred-provider-organization-co-en.pdf,Kaiser Permanente Insurance Company (KPIC),Kaiser Permanente,Colorado_Kaiser Permanente_Kaiser Permanente Insurance Company (KPIC).pdf,,,,completed
2819d91b-b39f-45ef-8ad6-aab820b9b9d4,1fb786b9-7b65-4119-9af3-a2b7f41deef5,8f0f304c-e7cb-4d6c-a107-a563cf1463b4,nan,Colorado,Covered,(deferoxamine),nan,No,No,No,0.95,https://healthy.kaiserpermanente.org/content/dam/kporg/final/documents/formularies/co/preferred-provider-organization-co-en.pdf,Kaiser Permanente Insurance Company (KPIC),Kaiser Permanente,Colorado_Kaiser Permanente_Kaiser Permanente Insurance Company (KPIC).pdf,,,,completed
4c1dbd99-e2b9-42bd-be18-a1bd00a99d2d,1fb786b9-7b65-4119-9af3-a2b7f41deef5,8f0f304c-e7cb-4d6c-a107-a563cf1463b4,nan,Colorado,Covered,(deferasirox),nan,No,No,No,0.95,https://healthy.kaiserpermanente.org/content/dam/kporg/final/documents/formularies/co/preferred-provider-organization-co-en.pdf,Kaiser Permanente Insurance Company (KPIC),Kaiser Permanente,Colorado_Kaiser Permanente_Kaiser Permanente Insurance Company (KPIC).pdf,,,,completed
1dc7ca20-00a1-4dc8-9b99-bba86500954e,1fb786b9-7b65-4119-9af3-a2b7f41deef5,8f0f304c-e7cb-4d6c-a107-a563cf1463b4,nan,Colorado,Covered,(deferiprone),nan,No,No,No,0.95,https://healthy.kaiserpermanente.org/content/dam/kporg/final/documents/formularies/co/preferred-provider-organization-co-en.pdf,Kaiser Permanente Insurance Company (KPIC),Kaiser Permanente,Colorado_Kaiser Permanente_Kaiser Permanente Insurance Company (KPIC).pdf,,,,completed
09927cda-0c90-4485-b803-7b3ef1fe0dd8,1fb786b9-7b65-4119-9af3-a2b7f41deef5,8f0f304c-e7cb-4d6c-a107-a563cf1463b4,nan,Colorado,Covered,(trientine),nan,No,No,No,0.95,https://healthy.kaiserpermanente.org/content/dam/kporg/final/documents/formularies/co/preferred-provider-organization-co-en.pdf,Kaiser Permanente Insurance Company (KPIC),Kaiser Permanente,Colorado_Kaiser Permanente_Kaiser Permanente Insurance Company (KPIC).pdf,,,,completed
535965f0-2363-4936-a698-cc45501e4b87,1fb786b9-7b65-4119-9af3-a2b7f41deef5,8f0f304c-e7cb-4d6c-a107-a563cf1463b4,nan,Colorado,Covered,(Syprine),nan,No,No,No,0.95,https://healthy.kaiserpermanente.org/content/dam/kporg/final/documents/formularies/co/preferred-provider-organization-co-en.pdf,Kaiser Permanente Insurance Company (KPIC),Kaiser Permanente,Colorado_Kaiser Permanente_Kaiser Permanente Insurance Company (KPIC).pdf,,,,completed
6ae4253e-02c0-4c1c-a8db-a667b4e7e855,1fb786b9-7b65-4119-9af3-a2b7f41deef5,8f0f304c-e7cb-4d6c-a107-a563cf1463b4,nan,Colorado,Covered,295,nan,No,No,No,0.95,https://healthy.kaiserpermanente.org/content/dam/kporg/final/documents/formularies/co/preferred-provider-organization-co-en.pdf,Kaiser Permanente Insurance Company (KPIC),Kaiser Permanente,Colorado_Kaiser Permanente_Kaiser Permanente Insurance Company (KPIC).pdf,,,,completed
2f88238a-a3c8-4fc4-804a-7b6e067b4b87,1fb786b9-7b65-4119-9af3-a2b7f41deef5,8f0f304c-e7cb-4d6c-a107-a563cf1463b4,nan,Colorado,Covered,312,nan,No,No,No,0.95,https://healthy.kaiserpermanente.org/content/dam/kporg/final/documents/formularies/co/preferred-provider-organization-co-en.pdf,Kaiser Permanente Insurance Company (KPIC),Kaiser Permanente,Colorado_Kaiser Permanente_Kaiser Permanente Insurance Company (KPIC).pdf,,,,completed
0d649466-ba86-4d9b-8ba9-e973a6cc50da,1fb786b9-7b65-4119-9af3-a2b7f41deef5,8f0f304c-e7cb-4d6c-a107-a563cf1463b4,nan,Colorado,Covered,290,nan,No,No,No,0.95,https://healthy.kaiserpermanente.org/content/dam/kporg/final/documents/formularies/co/preferred-provider-organization-co-en.pdf,Kaiser Permanente Insurance Company (KPIC),Kaiser Permanente,Colorado_Kaiser Permanente_Kaiser Permanente Insurance Company (KPIC).pdf,,,,completed
5a4a59ee-36cb-4be8-96d8-b8b0671316c3,1fb786b9-7b65-4119-9af3-a2b7f41deef5,8f0f304c-e7cb-4d6c-a107-a563cf1463b4,nan,Colorado,Covered,128,nan,No,No,No,0.95,https://healthy.kaiserpermanente.org/content/dam/kporg/final/documents/formularies/co/preferred-provider-organization-co-en.pdf,Kaiser Permanente Insurance Company (KPIC),Kaiser Permanente,Colorado_Kaiser Permanente_Kaiser Permanente Insurance Company (KPIC).pdf,,,,completed
ea233c74-ceb7-493e-856b-82ef4eadae5f,1fb786b9-7b65-4119-9af3-a2b7f41deef5,8f0f304c-e7cb-4d6c-a107-a563cf1463b4,nan,Colorado,Covered,130,nan,No,No,No,0.95,https://healthy.kaiserpermanente.org/content/dam/kporg/final/documents/formularies/co/preferred-provider-organization-co-en.pdf,Kaiser Permanente Insurance Company (KPIC),Kaiser Permanente,Colorado_Kaiser Permanente_Kaiser Permanente Insurance Company (KPIC).pdf,,,,completed
df360390-563d-4dda-b219-5a690f39666d,1fb786b9-7b65-4119-9af3-a2b7f41deef5,8f0f304c-e7cb-4d6c-a107-a563cf1463b4,nan,Colorado,Covered,199,nan,No,No,No,0.95,https://healthy.kaiserpermanente.org/content/dam/kporg/final/documents/formularies/co/preferred-provider-organization-co-en.pdf,Kaiser Permanente Insurance Company (KPIC),Kaiser Permanente,Colorado_Kaiser Permanente_Kaiser Permanente Insurance Company (KPIC).pdf,,,,completed
ecef6170-2b09-4e91-b0ae-d91f19246edb,1fb786b9-7b65-4119-9af3-a2b7f41deef5,8f0f304c-e7cb-4d6c-a107-a563cf1463b4,nan,Colorado,Covered,198,nan,No,No,No,0.95,https://healthy.kaiserpermanente.org/content/dam/kporg/final/documents/formularies/co/preferred-provider-organization-co-en.pdf,Kaiser Permanente Insurance Company (KPIC),Kaiser Permanente,Colorado_Kaiser Permanente_Kaiser Permanente Insurance Company (KPIC).pdf,,,,completed
e4dccc16-83a6-49e3-856c-e7be21b0c10e,1fb786b9-7b65-4119-9af3-a2b7f41deef5,8f0f304c-e7cb-4d6c-a107-a563cf1463b4,nan,Colorado,Covered,168,nan,No,No,No,0.95,https://healthy.kaiserpermanente.org/content/dam/kporg/final/documents/formularies/co/preferred-provider-organization-co-en.pdf,Kaiser Permanente Insurance Company (KPIC),Kaiser Permanente,Colorado_Kaiser Permanente_Kaiser Permanente Insurance Company (KPIC).pdf,,,,completed
3ec497a8-75f6-4371-b83c-2a2f2fc47f2b,1fb786b9-7b65-4119-9af3-a2b7f41deef5,8f0f304c-e7cb-4d6c-a107-a563cf1463b4,nan,Colorado,Covered,164,nan,No,No,No,0.95,https://healthy.kaiserpermanente.org/content/dam/kporg/final/documents/formularies/co/preferred-provider-organization-co-en.pdf,Kaiser Permanente Insurance Company (KPIC),Kaiser Permanente,Colorado_Kaiser Permanente_Kaiser Permanente Insurance Company (KPIC).pdf,,,,completed
182f6f8f-66d3-4759-9169-036ed4601207,1fb786b9-7b65-4119-9af3-a2b7f41deef5,8f0f304c-e7cb-4d6c-a107-a563cf1463b4,nan,Colorado,Covered,146,nan,No,No,No,0.95,https://healthy.kaiserpermanente.org/content/dam/kporg/final/documents/formularies/co/preferred-provider-organization-co-en.pdf,Kaiser Permanente Insurance Company (KPIC),Kaiser Permanente,Colorado_Kaiser Permanente_Kaiser Permanente Insurance Company (KPIC).pdf,,,,completed
e2e294e8-0d73-46bb-bfdd-35f6bf6d9b38,1fb786b9-7b65-4119-9af3-a2b7f41deef5,8f0f304c-e7cb-4d6c-a107-a563cf1463b4,nan,Colorado,Covered,147,nan,No,No,No,0.95,https://healthy.kaiserpermanente.org/content/dam/kporg/final/documents/formularies/co/preferred-provider-organization-co-en.pdf,Kaiser Permanente Insurance Company (KPIC),Kaiser Permanente,Colorado_Kaiser Permanente_Kaiser Permanente Insurance Company (KPIC).pdf,,,,completed
1e035fa3-bb5d-4d20-9bff-9de883b211b6,1fb786b9-7b65-4119-9af3-a2b7f41deef5,8f0f304c-e7cb-4d6c-a107-a563cf1463b4,nan,Colorado,Covered,265,nan,No,No,No,0.95,https://healthy.kaiserpermanente.org/content/dam/kporg/final/documents/formularies/co/preferred-provider-organization-co-en.pdf,Kaiser Permanente Insurance Company (KPIC),Kaiser Permanente,Colorado_Kaiser Permanente_Kaiser Permanente Insurance Company (KPIC).pdf,,,,completed
89706c1f-b5d6-4bb9-be78-322d17c4e6b4,1fb786b9-7b65-4119-9af3-a2b7f41deef5,8f0f304c-e7cb-4d6c-a107-a563cf1463b4,nan,Colorado,Covered,209,nan,No,No,No,0.95,https://healthy.kaiserpermanente.org/content/dam/kporg/final/documents/formularies/co/preferred-provider-organization-co-en.pdf,Kaiser Permanente Insurance Company (KPIC),Kaiser Permanente,Colorado_Kaiser Permanente_Kaiser Permanente Insurance Company (KPIC).pdf,,,,completed
1047f864-2915-4f37-8248-ab1d993bf5af,1fb786b9-7b65-4119-9af3-a2b7f41deef5,8f0f304c-e7cb-4d6c-a107-a563cf1463b4,nan,Colorado,Covered,233,nan,No,No,No,0.95,https://healthy.kaiserpermanente.org/content/dam/kporg/final/documents/formularies/co/preferred-provider-organization-co-en.pdf,Kaiser Permanente Insurance Company (KPIC),Kaiser Permanente,Colorado_Kaiser Permanente_Kaiser Permanente Insurance Company (KPIC).pdf,,,,completed
d0f157c7-d58b-411c-b99c-bf1daeee494b,1fb786b9-7b65-4119-9af3-a2b7f41deef5,8f0f304c-e7cb-4d6c-a107-a563cf1463b4,nan,Colorado,Covered,360,nan,No,No,No,0.95,https://healthy.kaiserpermanente.org/content/dam/kporg/final/documents/formularies/co/preferred-provider-organization-co-en.pdf,Kaiser Permanente Insurance Company (KPIC),Kaiser Permanente,Colorado_Kaiser Permanente_Kaiser Permanente Insurance Company (KPIC).pdf,,,,completed
baf3536b-b15a-4b27-aecb-e791196f523c,1fb786b9-7b65-4119-9af3-a2b7f41deef5,8f0f304c-e7cb-4d6c-a107-a563cf1463b4,nan,Colorado,Covered,255,nan,No,No,No,0.95,https://healthy.kaiserpermanente.org/content/dam/kporg/final/documents/formularies/co/preferred-provider-organization-co-en.pdf,Kaiser Permanente Insurance Company (KPIC),Kaiser Permanente,Colorado_Kaiser Permanente_Kaiser Permanente Insurance Company (KPIC).pdf,,,,completed
fb05c96e-99c5-445a-9575-bab98fd7c749,1fb786b9-7b65-4119-9af3-a2b7f41deef5,8f0f304c-e7cb-4d6c-a107-a563cf1463b4,nan,Colorado,Covered,129,nan,No,No,No,0.95,https://healthy.kaiserpermanente.org/content/dam/kporg/final/documents/formularies/co/preferred-provider-organization-co-en.pdf,Kaiser Permanente Insurance Company (KPIC),Kaiser Permanente,Colorado_Kaiser Permanente_Kaiser Permanente Insurance Company (KPIC).pdf,,,,completed
5bf21b56-808f-46fb-b990-fd17b4c955b3,1fb786b9-7b65-4119-9af3-a2b7f41deef5,8f0f304c-e7cb-4d6c-a107-a563cf1463b4,nan,Colorado,Covered,"148,164",nan,No,No,No,0.95,https://healthy.kaiserpermanente.org/content/dam/kporg/final/documents/formularies/co/preferred-provider-organization-co-en.pdf,Kaiser Permanente Insurance Company (KPIC),Kaiser Permanente,Colorado_Kaiser Permanente_Kaiser Permanente Insurance Company (KPIC).pdf,,,,completed
3c81853d-35fa-4df0-ab09-65b97e146087,1fb786b9-7b65-4119-9af3-a2b7f41deef5,8f0f304c-e7cb-4d6c-a107-a563cf1463b4,nan,Colorado,Covered,342,nan,No,No,No,0.95,https://healthy.kaiserpermanente.org/content/dam/kporg/final/documents/formularies/co/preferred-provider-organization-co-en.pdf,Kaiser Permanente Insurance Company (KPIC),Kaiser Permanente,Colorado_Kaiser Permanente_Kaiser Permanente Insurance Company (KPIC).pdf,,,,completed
baffc077-4061-4660-8515-59216776afc6,1fb786b9-7b65-4119-9af3-a2b7f41deef5,8f0f304c-e7cb-4d6c-a107-a563cf1463b4,nan,Colorado,Covered,148,nan,No,No,No,0.95,https://healthy.kaiserpermanente.org/content/dam/kporg/final/documents/formularies/co/preferred-provider-organization-co-en.pdf,Kaiser Permanente Insurance Company (KPIC),Kaiser Permanente,Colorado_Kaiser Permanente_Kaiser Permanente Insurance Company (KPIC).pdf,,,,completed
ce0a120c-7431-4011-b76f-6e305d1d7276,1fb786b9-7b65-4119-9af3-a2b7f41deef5,8f0f304c-e7cb-4d6c-a107-a563cf1463b4,nan,Colorado,Covered,261,nan,No,No,No,0.95,https://healthy.kaiserpermanente.org/content/dam/kporg/final/documents/formularies/co/preferred-provider-organization-co-en.pdf,Kaiser Permanente Insurance Company (KPIC),Kaiser Permanente,Colorado_Kaiser Permanente_Kaiser Permanente Insurance Company (KPIC).pdf,,,,completed
1959021e-6d68-43e5-96c1-f0810c04dab2,1fb786b9-7b65-4119-9af3-a2b7f41deef5,8f0f304c-e7cb-4d6c-a107-a563cf1463b4,nan,Colorado,Covered,293,nan,No,No,No,0.95,https://healthy.kaiserpermanente.org/content/dam/kporg/final/documents/formularies/co/preferred-provider-organization-co-en.pdf,Kaiser Permanente Insurance Company (KPIC),Kaiser Permanente,Colorado_Kaiser Permanente_Kaiser Permanente Insurance Company (KPIC).pdf,,,,completed
57071907-66af-4238-b267-71f8131459b1,1fb786b9-7b65-4119-9af3-a2b7f41deef5,8f0f304c-e7cb-4d6c-a107-a563cf1463b4,nan,Colorado,Covered,62,nan,No,No,No,0.95,https://healthy.kaiserpermanente.org/content/dam/kporg/final/documents/formularies/co/preferred-provider-organization-co-en.pdf,Kaiser Permanente Insurance Company (KPIC),Kaiser Permanente,Colorado_Kaiser Permanente_Kaiser Permanente Insurance Company (KPIC).pdf,,,,completed
ffc0a170-afd1-454b-a128-41c864fe960e,1fb786b9-7b65-4119-9af3-a2b7f41deef5,8f0f304c-e7cb-4d6c-a107-a563cf1463b4,nan,Colorado,Covered,306,nan,No,No,No,0.95,https://healthy.kaiserpermanente.org/content/dam/kporg/final/documents/formularies/co/preferred-provider-organization-co-en.pdf,Kaiser Permanente Insurance Company (KPIC),Kaiser Permanente,Colorado_Kaiser Permanente_Kaiser Permanente Insurance Company (KPIC).pdf,,,,completed
cb6e737e-fcfc-49c7-84be-198183bb88a8,1fb786b9-7b65-4119-9af3-a2b7f41deef5,8f0f304c-e7cb-4d6c-a107-a563cf1463b4,nan,Colorado,Covered,8,nan,No,No,No,0.95,https://healthy.kaiserpermanente.org/content/dam/kporg/final/documents/formularies/co/preferred-provider-organization-co-en.pdf,Kaiser Permanente Insurance Company (KPIC),Kaiser Permanente,Colorado_Kaiser Permanente_Kaiser Permanente Insurance Company (KPIC).pdf,,,,completed
e8810bdc-fd48-4235-81f3-ec730f0eff9e,1fb786b9-7b65-4119-9af3-a2b7f41deef5,8f0f304c-e7cb-4d6c-a107-a563cf1463b4,nan,Colorado,Covered,207,nan,No,No,No,0.95,https://healthy.kaiserpermanente.org/content/dam/kporg/final/documents/formularies/co/preferred-provider-organization-co-en.pdf,Kaiser Permanente Insurance Company (KPIC),Kaiser Permanente,Colorado_Kaiser Permanente_Kaiser Permanente Insurance Company (KPIC).pdf,,,,completed
a2fb7a8f-e7af-43a4-a418-67419847ce35,1fb786b9-7b65-4119-9af3-a2b7f41deef5,8f0f304c-e7cb-4d6c-a107-a563cf1463b4,nan,Colorado,Covered,3,nan,No,No,No,0.95,https://healthy.kaiserpermanente.org/content/dam/kporg/final/documents/formularies/co/preferred-provider-organization-co-en.pdf,Kaiser Permanente Insurance Company (KPIC),Kaiser Permanente,Colorado_Kaiser Permanente_Kaiser Permanente Insurance Company (KPIC).pdf,,,,completed
9d588eb0-b101-49bb-822f-69af99082cea,1fb786b9-7b65-4119-9af3-a2b7f41deef5,8f0f304c-e7cb-4d6c-a107-a563cf1463b4,nan,Colorado,Covered,232,nan,No,No,No,0.95,https://healthy.kaiserpermanente.org/content/dam/kporg/final/documents/formularies/co/preferred-provider-organization-co-en.pdf,Kaiser Permanente Insurance Company (KPIC),Kaiser Permanente,Colorado_Kaiser Permanente_Kaiser Permanente Insurance Company (KPIC).pdf,,,,completed
4b6d1dc0-e056-4552-b26e-063b548f0237,1fb786b9-7b65-4119-9af3-a2b7f41deef5,8f0f304c-e7cb-4d6c-a107-a563cf1463b4,nan,Colorado,Covered,108,nan,No,No,No,0.95,https://healthy.kaiserpermanente.org/content/dam/kporg/final/documents/formularies/co/preferred-provider-organization-co-en.pdf,Kaiser Permanente Insurance Company (KPIC),Kaiser Permanente,Colorado_Kaiser Permanente_Kaiser Permanente Insurance Company (KPIC).pdf,,,,completed
ecd43088-3f69-455b-bbb5-7b00dd719bab,1fb786b9-7b65-4119-9af3-a2b7f41deef5,8f0f304c-e7cb-4d6c-a107-a563cf1463b4,nan,Colorado,Covered,"36,47",nan,No,No,No,0.95,https://healthy.kaiserpermanente.org/content/dam/kporg/final/documents/formularies/co/preferred-provider-organization-co-en.pdf,Kaiser Permanente Insurance Company (KPIC),Kaiser Permanente,Colorado_Kaiser Permanente_Kaiser Permanente Insurance Company (KPIC).pdf,,,,completed
725fbbc7-811c-4ceb-9af5-dae2c0ccedc6,1fb786b9-7b65-4119-9af3-a2b7f41deef5,8f0f304c-e7cb-4d6c-a107-a563cf1463b4,nan,Colorado,Covered,169,nan,No,No,No,0.95,https://healthy.kaiserpermanente.org/content/dam/kporg/final/documents/formularies/co/preferred-provider-organization-co-en.pdf,Kaiser Permanente Insurance Company (KPIC),Kaiser Permanente,Colorado_Kaiser Permanente_Kaiser Permanente Insurance Company (KPIC).pdf,,,,completed
2e4af3fa-209b-4dbb-b87c-0ca646c42a1e,1fb786b9-7b65-4119-9af3-a2b7f41deef5,8f0f304c-e7cb-4d6c-a107-a563cf1463b4,nan,Colorado,Covered,367,nan,No,No,No,0.95,https://healthy.kaiserpermanente.org/content/dam/kporg/final/documents/formularies/co/preferred-provider-organization-co-en.pdf,Kaiser Permanente Insurance Company (KPIC),Kaiser Permanente,Colorado_Kaiser Permanente_Kaiser Permanente Insurance Company (KPIC).pdf,,,,completed
b69c9514-9f0a-4410-a920-3cf2909c28a5,1fb786b9-7b65-4119-9af3-a2b7f41deef5,8f0f304c-e7cb-4d6c-a107-a563cf1463b4,nan,Colorado,Covered,170,nan,No,No,No,0.95,https://healthy.kaiserpermanente.org/content/dam/kporg/final/documents/formularies/co/preferred-provider-organization-co-en.pdf,Kaiser Permanente Insurance Company (KPIC),Kaiser Permanente,Colorado_Kaiser Permanente_Kaiser Permanente Insurance Company (KPIC).pdf,,,,completed
1bd5382a-79d4-4edd-95a1-8c87c94dbeda,1fb786b9-7b65-4119-9af3-a2b7f41deef5,8f0f304c-e7cb-4d6c-a107-a563cf1463b4,nan,Colorado,Covered,"170,171",nan,No,No,No,0.95,https://healthy.kaiserpermanente.org/content/dam/kporg/final/documents/formularies/co/preferred-provider-organization-co-en.pdf,Kaiser Permanente Insurance Company (KPIC),Kaiser Permanente,Colorado_Kaiser Permanente_Kaiser Permanente Insurance Company (KPIC).pdf,,,,completed
affb0f9f-9f4a-4a98-897c-cdba8fc131df,1fb786b9-7b65-4119-9af3-a2b7f41deef5,8f0f304c-e7cb-4d6c-a107-a563cf1463b4,nan,Colorado,Covered,201,nan,No,No,No,0.95,https://healthy.kaiserpermanente.org/content/dam/kporg/final/documents/formularies/co/preferred-provider-organization-co-en.pdf,Kaiser Permanente Insurance Company (KPIC),Kaiser Permanente,Colorado_Kaiser Permanente_Kaiser Permanente Insurance Company (KPIC).pdf,,,,completed
ce23b24e-893d-472c-b70c-9785dfa6724d,1fb786b9-7b65-4119-9af3-a2b7f41deef5,8f0f304c-e7cb-4d6c-a107-a563cf1463b4,nan,Colorado,Covered,181,nan,No,No,No,0.95,https://healthy.kaiserpermanente.org/content/dam/kporg/final/documents/formularies/co/preferred-provider-organization-co-en.pdf,Kaiser Permanente Insurance Company (KPIC),Kaiser Permanente,Colorado_Kaiser Permanente_Kaiser Permanente Insurance Company (KPIC).pdf,,,,completed
0ebb1a0c-fb25-4e85-bebe-8a417d9f1a88,1fb786b9-7b65-4119-9af3-a2b7f41deef5,8f0f304c-e7cb-4d6c-a107-a563cf1463b4,nan,Colorado,Covered,245,nan,No,No,No,0.95,https://healthy.kaiserpermanente.org/content/dam/kporg/final/documents/formularies/co/preferred-provider-organization-co-en.pdf,Kaiser Permanente Insurance Company (KPIC),Kaiser Permanente,Colorado_Kaiser Permanente_Kaiser Permanente Insurance Company (KPIC).pdf,,,,completed
549fbfe2-e2da-41b4-9bba-9f59de3025df,1fb786b9-7b65-4119-9af3-a2b7f41deef5,8f0f304c-e7cb-4d6c-a107-a563cf1463b4,nan,Colorado,Covered,171,nan,No,No,No,0.95,https://healthy.kaiserpermanente.org/content/dam/kporg/final/documents/formularies/co/preferred-provider-organization-co-en.pdf,Kaiser Permanente Insurance Company (KPIC),Kaiser Permanente,Colorado_Kaiser Permanente_Kaiser Permanente Insurance Company (KPIC).pdf,,,,completed
1e8c63da-4058-49d1-98bf-8982d7c7d116,1fb786b9-7b65-4119-9af3-a2b7f41deef5,8f0f304c-e7cb-4d6c-a107-a563cf1463b4,nan,Colorado,Covered,115,nan,No,No,No,0.95,https://healthy.kaiserpermanente.org/content/dam/kporg/final/documents/formularies/co/preferred-provider-organization-co-en.pdf,Kaiser Permanente Insurance Company (KPIC),Kaiser Permanente,Colorado_Kaiser Permanente_Kaiser Permanente Insurance Company (KPIC).pdf,,,,completed
adace511-40b3-47cd-a997-c6125fa4d661,1fb786b9-7b65-4119-9af3-a2b7f41deef5,8f0f304c-e7cb-4d6c-a107-a563cf1463b4,nan,Colorado,Covered,246,nan,No,No,No,0.95,https://healthy.kaiserpermanente.org/content/dam/kporg/final/documents/formularies/co/preferred-provider-organization-co-en.pdf,Kaiser Permanente Insurance Company (KPIC),Kaiser Permanente,Colorado_Kaiser Permanente_Kaiser Permanente Insurance Company (KPIC).pdf,,,,completed
6ca77c6a-57b7-41bd-85a9-660f6676ac1e,1fb786b9-7b65-4119-9af3-a2b7f41deef5,8f0f304c-e7cb-4d6c-a107-a563cf1463b4,nan,Colorado,Covered,112,nan,No,No,No,0.95,https://healthy.kaiserpermanente.org/content/dam/kporg/final/documents/formularies/co/preferred-provider-organization-co-en.pdf,Kaiser Permanente Insurance Company (KPIC),Kaiser Permanente,Colorado_Kaiser Permanente_Kaiser Permanente Insurance Company (KPIC).pdf,,,,completed
749f7404-a8bc-4b8e-bfa3-35eb9ab8402b,1fb786b9-7b65-4119-9af3-a2b7f41deef5,8f0f304c-e7cb-4d6c-a107-a563cf1463b4,nan,Colorado,Covered,76,nan,No,No,No,0.95,https://healthy.kaiserpermanente.org/content/dam/kporg/final/documents/formularies/co/preferred-provider-organization-co-en.pdf,Kaiser Permanente Insurance Company (KPIC),Kaiser Permanente,Colorado_Kaiser Permanente_Kaiser Permanente Insurance Company (KPIC).pdf,,,,completed
deb45a59-eb65-482f-93d1-dafc42d4cc67,1fb786b9-7b65-4119-9af3-a2b7f41deef5,8f0f304c-e7cb-4d6c-a107-a563cf1463b4,nan,Colorado,Covered,47,nan,No,No,No,0.95,https://healthy.kaiserpermanente.org/content/dam/kporg/final/documents/formularies/co/preferred-provider-organization-co-en.pdf,Kaiser Permanente Insurance Company (KPIC),Kaiser Permanente,Colorado_Kaiser Permanente_Kaiser Permanente Insurance Company (KPIC).pdf,,,,completed
03a63468-1e4e-436c-97c1-3960e12f7ec2,1fb786b9-7b65-4119-9af3-a2b7f41deef5,8f0f304c-e7cb-4d6c-a107-a563cf1463b4,nan,Colorado,Covered,110,nan,No,No,No,0.95,https://healthy.kaiserpermanente.org/content/dam/kporg/final/documents/formularies/co/preferred-provider-organization-co-en.pdf,Kaiser Permanente Insurance Company (KPIC),Kaiser Permanente,Colorado_Kaiser Permanente_Kaiser Permanente Insurance Company (KPIC).pdf,,,,completed
04546420-ef2d-42e2-8a63-f99c4cee4432,1fb786b9-7b65-4119-9af3-a2b7f41deef5,8f0f304c-e7cb-4d6c-a107-a563cf1463b4,nan,Colorado,Covered,54,nan,No,No,No,0.95,https://healthy.kaiserpermanente.org/content/dam/kporg/final/documents/formularies/co/preferred-provider-organization-co-en.pdf,Kaiser Permanente Insurance Company (KPIC),Kaiser Permanente,Colorado_Kaiser Permanente_Kaiser Permanente Insurance Company (KPIC).pdf,,,,completed
0f688d85-e0ce-4caa-a4a8-b245c9f03d16,1fb786b9-7b65-4119-9af3-a2b7f41deef5,8f0f304c-e7cb-4d6c-a107-a563cf1463b4,nan,Colorado,Covered,329,nan,No,No,No,0.95,https://healthy.kaiserpermanente.org/content/dam/kporg/final/documents/formularies/co/preferred-provider-organization-co-en.pdf,Kaiser Permanente Insurance Company (KPIC),Kaiser Permanente,Colorado_Kaiser Permanente_Kaiser Permanente Insurance Company (KPIC).pdf,,,,completed
79b9a67a-ecdd-4e0d-8b2c-db2230bb4545,1fb786b9-7b65-4119-9af3-a2b7f41deef5,8f0f304c-e7cb-4d6c-a107-a563cf1463b4,nan,Colorado,Covered,"338, 339",nan,No,No,No,0.95,https://healthy.kaiserpermanente.org/content/dam/kporg/final/documents/formularies/co/preferred-provider-organization-co-en.pdf,Kaiser Permanente Insurance Company (KPIC),Kaiser Permanente,Colorado_Kaiser Permanente_Kaiser Permanente Insurance Company (KPIC).pdf,,,,completed
7a8fecad-1882-430d-8f2a-9c1e5b522c19,1fb786b9-7b65-4119-9af3-a2b7f41deef5,8f0f304c-e7cb-4d6c-a107-a563cf1463b4,nan,Colorado,Covered,327,nan,No,No,No,0.95,https://healthy.kaiserpermanente.org/content/dam/kporg/final/documents/formularies/co/preferred-provider-organization-co-en.pdf,Kaiser Permanente Insurance Company (KPIC),Kaiser Permanente,Colorado_Kaiser Permanente_Kaiser Permanente Insurance Company (KPIC).pdf,,,,completed
e4bc988b-6767-4222-89a3-f108b03e0d5b,1fb786b9-7b65-4119-9af3-a2b7f41deef5,8f0f304c-e7cb-4d6c-a107-a563cf1463b4,nan,Colorado,Covered,"101, 248, 258",nan,No,No,No,0.95,https://healthy.kaiserpermanente.org/content/dam/kporg/final/documents/formularies/co/preferred-provider-organization-co-en.pdf,Kaiser Permanente Insurance Company (KPIC),Kaiser Permanente,Colorado_Kaiser Permanente_Kaiser Permanente Insurance Company (KPIC).pdf,,,,completed
0b8ddff0-bb47-4a08-9ef4-8b3817a38b89,1fb786b9-7b65-4119-9af3-a2b7f41deef5,8f0f304c-e7cb-4d6c-a107-a563cf1463b4,nan,Colorado,Covered,"100, 258",nan,No,No,No,0.95,https://healthy.kaiserpermanente.org/content/dam/kporg/final/documents/formularies/co/preferred-provider-organization-co-en.pdf,Kaiser Permanente Insurance Company (KPIC),Kaiser Permanente,Colorado_Kaiser Permanente_Kaiser Permanente Insurance Company (KPIC).pdf,,,,completed
ef1a97cb-bf5e-4996-9fd8-494faf0f8712,1fb786b9-7b65-4119-9af3-a2b7f41deef5,8f0f304c-e7cb-4d6c-a107-a563cf1463b4,nan,Colorado,Covered,"100, 101",nan,No,No,No,0.95,https://healthy.kaiserpermanente.org/content/dam/kporg/final/documents/formularies/co/preferred-provider-organization-co-en.pdf,Kaiser Permanente Insurance Company (KPIC),Kaiser Permanente,Colorado_Kaiser Permanente_Kaiser Permanente Insurance Company (KPIC).pdf,,,,completed
3ad635b7-fb97-4d0d-8907-0e19f73c4e6c,1fb786b9-7b65-4119-9af3-a2b7f41deef5,8f0f304c-e7cb-4d6c-a107-a563cf1463b4,nan,Colorado,Covered,101,nan,No,No,No,0.95,https://healthy.kaiserpermanente.org/content/dam/kporg/final/documents/formularies/co/preferred-provider-organization-co-en.pdf,Kaiser Permanente Insurance Company (KPIC),Kaiser Permanente,Colorado_Kaiser Permanente_Kaiser Permanente Insurance Company (KPIC).pdf,,,,completed
97292bf4-cc8c-48d7-880f-c17b2d203aec,1fb786b9-7b65-4119-9af3-a2b7f41deef5,8f0f304c-e7cb-4d6c-a107-a563cf1463b4,nan,Colorado,Covered,248,nan,No,No,No,0.95,https://healthy.kaiserpermanente.org/content/dam/kporg/final/documents/formularies/co/preferred-provider-organization-co-en.pdf,Kaiser Permanente Insurance Company (KPIC),Kaiser Permanente,Colorado_Kaiser Permanente_Kaiser Permanente Insurance Company (KPIC).pdf,,,,completed
6c76339a-c13d-4b9f-bf60-02425f056bdd,1fb786b9-7b65-4119-9af3-a2b7f41deef5,8f0f304c-e7cb-4d6c-a107-a563cf1463b4,nan,Colorado,Covered,"101, 102",nan,No,No,No,0.95,https://healthy.kaiserpermanente.org/content/dam/kporg/final/documents/formularies/co/preferred-provider-organization-co-en.pdf,Kaiser Permanente Insurance Company (KPIC),Kaiser Permanente,Colorado_Kaiser Permanente_Kaiser Permanente Insurance Company (KPIC).pdf,,,,completed
1d315a25-65c9-4497-b50f-edf13a91aeaa,1fb786b9-7b65-4119-9af3-a2b7f41deef5,8f0f304c-e7cb-4d6c-a107-a563cf1463b4,nan,Colorado,Covered,174,nan,No,No,No,0.95,https://healthy.kaiserpermanente.org/content/dam/kporg/final/documents/formularies/co/preferred-provider-organization-co-en.pdf,Kaiser Permanente Insurance Company (KPIC),Kaiser Permanente,Colorado_Kaiser Permanente_Kaiser Permanente Insurance Company (KPIC).pdf,,,,completed
0e1b62c6-de46-421b-b96a-a26116d5b5a2,1fb786b9-7b65-4119-9af3-a2b7f41deef5,8f0f304c-e7cb-4d6c-a107-a563cf1463b4,nan,Colorado,Covered,83,nan,No,No,No,0.95,https://healthy.kaiserpermanente.org/content/dam/kporg/final/documents/formularies/co/preferred-provider-organization-co-en.pdf,Kaiser Permanente Insurance Company (KPIC),Kaiser Permanente,Colorado_Kaiser Permanente_Kaiser Permanente Insurance Company (KPIC).pdf,,,,completed
1eab869a-eed5-4f94-be4c-4bab067aca1d,1fb786b9-7b65-4119-9af3-a2b7f41deef5,8f0f304c-e7cb-4d6c-a107-a563cf1463b4,nan,Colorado,Covered,"113, 257",nan,No,No,No,0.95,https://healthy.kaiserpermanente.org/content/dam/kporg/final/documents/formularies/co/preferred-provider-organization-co-en.pdf,Kaiser Permanente Insurance Company (KPIC),Kaiser Permanente,Colorado_Kaiser Permanente_Kaiser Permanente Insurance Company (KPIC).pdf,,,,completed
d33c4a3c-6dc6-4b4a-86e5-9d1c50bf9c47,1fb786b9-7b65-4119-9af3-a2b7f41deef5,8f0f304c-e7cb-4d6c-a107-a563cf1463b4,nan,Colorado,Covered,117,nan,No,No,No,0.95,https://healthy.kaiserpermanente.org/content/dam/kporg/final/documents/formularies/co/preferred-provider-organization-co-en.pdf,Kaiser Permanente Insurance Company (KPIC),Kaiser Permanente,Colorado_Kaiser Permanente_Kaiser Permanente Insurance Company (KPIC).pdf,,,,completed
b5f3a3fb-84b9-4640-baef-bcb1efaddcf2,1fb786b9-7b65-4119-9af3-a2b7f41deef5,8f0f304c-e7cb-4d6c-a107-a563cf1463b4,nan,Colorado,Covered,375,nan,No,No,No,0.95,https://healthy.kaiserpermanente.org/content/dam/kporg/final/documents/formularies/co/preferred-provider-organization-co-en.pdf,Kaiser Permanente Insurance Company (KPIC),Kaiser Permanente,Colorado_Kaiser Permanente_Kaiser Permanente Insurance Company (KPIC).pdf,,,,completed
5da088bc-5fd8-43f5-9d68-6c984ed822c2,1fb786b9-7b65-4119-9af3-a2b7f41deef5,8f0f304c-e7cb-4d6c-a107-a563cf1463b4,nan,Colorado,Covered,235,nan,No,No,No,0.95,https://healthy.kaiserpermanente.org/content/dam/kporg/final/documents/formularies/co/preferred-provider-organization-co-en.pdf,Kaiser Permanente Insurance Company (KPIC),Kaiser Permanente,Colorado_Kaiser Permanente_Kaiser Permanente Insurance Company (KPIC).pdf,,,,completed
c3bc7ccc-cfab-4810-ba21-6bbfe73d8fd3,1fb786b9-7b65-4119-9af3-a2b7f41deef5,8f0f304c-e7cb-4d6c-a107-a563cf1463b4,nan,Colorado,Covered,102,nan,No,No,No,0.95,https://healthy.kaiserpermanente.org/content/dam/kporg/final/documents/formularies/co/preferred-provider-organization-co-en.pdf,Kaiser Permanente Insurance Company (KPIC),Kaiser Permanente,Colorado_Kaiser Permanente_Kaiser Permanente Insurance Company (KPIC).pdf,,,,completed
3a934c66-e456-4fad-ae6c-1f46a38f2bc2,1fb786b9-7b65-4119-9af3-a2b7f41deef5,8f0f304c-e7cb-4d6c-a107-a563cf1463b4,nan,Colorado,Covered,323,nan,No,No,No,0.95,https://healthy.kaiserpermanente.org/content/dam/kporg/final/documents/formularies/co/preferred-provider-organization-co-en.pdf,Kaiser Permanente Insurance Company (KPIC),Kaiser Permanente,Colorado_Kaiser Permanente_Kaiser Permanente Insurance Company (KPIC).pdf,,,,completed
450279fc-ed7e-440c-bc07-b6ff7037a58c,1fb786b9-7b65-4119-9af3-a2b7f41deef5,8f0f304c-e7cb-4d6c-a107-a563cf1463b4,nan,Colorado,Covered,4,nan,No,No,No,0.95,https://healthy.kaiserpermanente.org/content/dam/kporg/final/documents/formularies/co/preferred-provider-organization-co-en.pdf,Kaiser Permanente Insurance Company (KPIC),Kaiser Permanente,Colorado_Kaiser Permanente_Kaiser Permanente Insurance Company (KPIC).pdf,,,,completed
d5bec661-15de-480c-8e68-1c5c51bcff67,1fb786b9-7b65-4119-9af3-a2b7f41deef5,8f0f304c-e7cb-4d6c-a107-a563cf1463b4,nan,Colorado,Covered,123,nan,No,No,No,0.95,https://healthy.kaiserpermanente.org/content/dam/kporg/final/documents/formularies/co/preferred-provider-organization-co-en.pdf,Kaiser Permanente Insurance Company (KPIC),Kaiser Permanente,Colorado_Kaiser Permanente_Kaiser Permanente Insurance Company (KPIC).pdf,,,,completed
adac2232-2fc6-4dca-859f-015ba23f4b16,1fb786b9-7b65-4119-9af3-a2b7f41deef5,8f0f304c-e7cb-4d6c-a107-a563cf1463b4,nan,Colorado,Covered,204,nan,No,No,No,0.95,https://healthy.kaiserpermanente.org/content/dam/kporg/final/documents/formularies/co/preferred-provider-organization-co-en.pdf,Kaiser Permanente Insurance Company (KPIC),Kaiser Permanente,Colorado_Kaiser Permanente_Kaiser Permanente Insurance Company (KPIC).pdf,,,,completed
55b38ac3-4f14-4974-9b1b-8b5a2edacc07,1fb786b9-7b65-4119-9af3-a2b7f41deef5,8f0f304c-e7cb-4d6c-a107-a563cf1463b4,nan,Colorado,Covered,358,nan,No,No,No,0.95,https://healthy.kaiserpermanente.org/content/dam/kporg/final/documents/formularies/co/preferred-provider-organization-co-en.pdf,Kaiser Permanente Insurance Company (KPIC),Kaiser Permanente,Colorado_Kaiser Permanente_Kaiser Permanente Insurance Company (KPIC).pdf,,,,completed
0e8072ef-171b-4b85-93af-e68e3c351611,1fb786b9-7b65-4119-9af3-a2b7f41deef5,8f0f304c-e7cb-4d6c-a107-a563cf1463b4,nan,Colorado,Covered,313,nan,No,No,No,0.95,https://healthy.kaiserpermanente.org/content/dam/kporg/final/documents/formularies/co/preferred-provider-organization-co-en.pdf,Kaiser Permanente Insurance Company (KPIC),Kaiser Permanente,Colorado_Kaiser Permanente_Kaiser Permanente Insurance Company (KPIC).pdf,,,,completed
f89ff623-ec87-42f4-9af3-f3616d95103b,1fb786b9-7b65-4119-9af3-a2b7f41deef5,8f0f304c-e7cb-4d6c-a107-a563cf1463b4,nan,Colorado,Covered,217,nan,No,No,No,0.95,https://healthy.kaiserpermanente.org/content/dam/kporg/final/documents/formularies/co/preferred-provider-organization-co-en.pdf,Kaiser Permanente Insurance Company (KPIC),Kaiser Permanente,Colorado_Kaiser Permanente_Kaiser Permanente Insurance Company (KPIC).pdf,,,,completed
29835449-c70e-4173-abb6-df9090199dde,1fb786b9-7b65-4119-9af3-a2b7f41deef5,8f0f304c-e7cb-4d6c-a107-a563cf1463b4,nan,Colorado,Covered,44,nan,No,No,No,0.95,https://healthy.kaiserpermanente.org/content/dam/kporg/final/documents/formularies/co/preferred-provider-organization-co-en.pdf,Kaiser Permanente Insurance Company (KPIC),Kaiser Permanente,Colorado_Kaiser Permanente_Kaiser Permanente Insurance Company (KPIC).pdf,,,,completed
bc322b77-bade-4d2d-ab48-e0183c7b2da5,1fb786b9-7b65-4119-9af3-a2b7f41deef5,8f0f304c-e7cb-4d6c-a107-a563cf1463b4,nan,Colorado,Covered,107,nan,No,No,No,0.95,https://healthy.kaiserpermanente.org/content/dam/kporg/final/documents/formularies/co/preferred-provider-organization-co-en.pdf,Kaiser Permanente Insurance Company (KPIC),Kaiser Permanente,Colorado_Kaiser Permanente_Kaiser Permanente Insurance Company (KPIC).pdf,,,,completed
5e53cccb-4ae9-440a-84b5-b2aceb3b4463,1fb786b9-7b65-4119-9af3-a2b7f41deef5,8f0f304c-e7cb-4d6c-a107-a563cf1463b4,nan,Colorado,Covered,240,nan,No,No,No,0.95,https://healthy.kaiserpermanente.org/content/dam/kporg/final/documents/formularies/co/preferred-provider-organization-co-en.pdf,Kaiser Permanente Insurance Company (KPIC),Kaiser Permanente,Colorado_Kaiser Permanente_Kaiser Permanente Insurance Company (KPIC).pdf,,,,completed
9e1d2fec-6728-4de0-bdd6-776f6f5dbb17,1fb786b9-7b65-4119-9af3-a2b7f41deef5,8f0f304c-e7cb-4d6c-a107-a563cf1463b4,nan,Colorado,Covered,116,nan,No,No,No,0.95,https://healthy.kaiserpermanente.org/content/dam/kporg/final/documents/formularies/co/preferred-provider-organization-co-en.pdf,Kaiser Permanente Insurance Company (KPIC),Kaiser Permanente,Colorado_Kaiser Permanente_Kaiser Permanente Insurance Company (KPIC).pdf,,,,completed
1f0aa4dd-0f1c-4823-a0e8-de7f6826900d,1fb786b9-7b65-4119-9af3-a2b7f41deef5,8f0f304c-e7cb-4d6c-a107-a563cf1463b4,nan,Colorado,Covered,206,nan,No,No,No,0.95,https://healthy.kaiserpermanente.org/content/dam/kporg/final/documents/formularies/co/preferred-provider-organization-co-en.pdf,Kaiser Permanente Insurance Company (KPIC),Kaiser Permanente,Colorado_Kaiser Permanente_Kaiser Permanente Insurance Company (KPIC).pdf,,,,completed
dbfcd83c-d067-4d0a-bff1-12a2999c08f3,1fb786b9-7b65-4119-9af3-a2b7f41deef5,8f0f304c-e7cb-4d6c-a107-a563cf1463b4,nan,Colorado,Covered,86,nan,No,No,No,0.95,https://healthy.kaiserpermanente.org/content/dam/kporg/final/documents/formularies/co/preferred-provider-organization-co-en.pdf,Kaiser Permanente Insurance Company (KPIC),Kaiser Permanente,Colorado_Kaiser Permanente_Kaiser Permanente Insurance Company (KPIC).pdf,,,,completed
04d9022f-aa6f-425b-aeb1-4ab54dab254a,1fb786b9-7b65-4119-9af3-a2b7f41deef5,8f0f304c-e7cb-4d6c-a107-a563cf1463b4,nan,Colorado,Covered,34,nan,No,No,No,0.95,https://healthy.kaiserpermanente.org/content/dam/kporg/final/documents/formularies/co/preferred-provider-organization-co-en.pdf,Kaiser Permanente Insurance Company (KPIC),Kaiser Permanente,Colorado_Kaiser Permanente_Kaiser Permanente Insurance Company (KPIC).pdf,,,,completed
c5e38e3f-ad5c-446c-b6d7-0971e7155894,1fb786b9-7b65-4119-9af3-a2b7f41deef5,8f0f304c-e7cb-4d6c-a107-a563cf1463b4,nan,Colorado,Covered,113,nan,No,No,No,0.95,https://healthy.kaiserpermanente.org/content/dam/kporg/final/documents/formularies/co/preferred-provider-organization-co-en.pdf,Kaiser Permanente Insurance Company (KPIC),Kaiser Permanente,Colorado_Kaiser Permanente_Kaiser Permanente Insurance Company (KPIC).pdf,,,,completed
6b651522-67e8-4611-9394-fb030e67c98a,1fb786b9-7b65-4119-9af3-a2b7f41deef5,8f0f304c-e7cb-4d6c-a107-a563cf1463b4,nan,Colorado,Covered,197,nan,No,No,No,0.95,https://healthy.kaiserpermanente.org/content/dam/kporg/final/documents/formularies/co/preferred-provider-organization-co-en.pdf,Kaiser Permanente Insurance Company (KPIC),Kaiser Permanente,Colorado_Kaiser Permanente_Kaiser Permanente Insurance Company (KPIC).pdf,,,,completed
ed767e6b-3a00-4ba1-a980-b0ca1822316e,1fb786b9-7b65-4119-9af3-a2b7f41deef5,8f0f304c-e7cb-4d6c-a107-a563cf1463b4,nan,Colorado,Covered,32,nan,No,No,No,0.95,https://healthy.kaiserpermanente.org/content/dam/kporg/final/documents/formularies/co/preferred-provider-organization-co-en.pdf,Kaiser Permanente Insurance Company (KPIC),Kaiser Permanente,Colorado_Kaiser Permanente_Kaiser Permanente Insurance Company (KPIC).pdf,,,,completed
0668eb10-4776-4d72-b430-bec58ccb6e6f,1fb786b9-7b65-4119-9af3-a2b7f41deef5,8f0f304c-e7cb-4d6c-a107-a563cf1463b4,nan,Colorado,Covered,190,nan,No,No,No,0.95,https://healthy.kaiserpermanente.org/content/dam/kporg/final/documents/formularies/co/preferred-provider-organization-co-en.pdf,Kaiser Permanente Insurance Company (KPIC),Kaiser Permanente,Colorado_Kaiser Permanente_Kaiser Permanente Insurance Company (KPIC).pdf,,,,completed
86156dfd-550c-4d78-8807-b2dcab5174b1,1fb786b9-7b65-4119-9af3-a2b7f41deef5,8f0f304c-e7cb-4d6c-a107-a563cf1463b4,nan,Colorado,Covered,121,nan,No,No,No,0.95,https://healthy.kaiserpermanente.org/content/dam/kporg/final/documents/formularies/co/preferred-provider-organization-co-en.pdf,Kaiser Permanente Insurance Company (KPIC),Kaiser Permanente,Colorado_Kaiser Permanente_Kaiser Permanente Insurance Company (KPIC).pdf,,,,completed
f6cbe287-78ab-4732-b8eb-1d885b21acda,1fb786b9-7b65-4119-9af3-a2b7f41deef5,8f0f304c-e7cb-4d6c-a107-a563cf1463b4,nan,Colorado,Covered,225,nan,No,No,No,0.95,https://healthy.kaiserpermanente.org/content/dam/kporg/final/documents/formularies/co/preferred-provider-organization-co-en.pdf,Kaiser Permanente Insurance Company (KPIC),Kaiser Permanente,Colorado_Kaiser Permanente_Kaiser Permanente Insurance Company (KPIC).pdf,,,,completed
5d904343-c7c9-4d0b-b1a9-3ad02a4b5e61,1fb786b9-7b65-4119-9af3-a2b7f41deef5,8f0f304c-e7cb-4d6c-a107-a563cf1463b4,nan,Colorado,Covered,92,nan,No,No,No,0.95,https://healthy.kaiserpermanente.org/content/dam/kporg/final/documents/formularies/co/preferred-provider-organization-co-en.pdf,Kaiser Permanente Insurance Company (KPIC),Kaiser Permanente,Colorado_Kaiser Permanente_Kaiser Permanente Insurance Company (KPIC).pdf,,,,completed
9ddac11c-2845-45cd-8c60-6b987df89f44,1fb786b9-7b65-4119-9af3-a2b7f41deef5,8f0f304c-e7cb-4d6c-a107-a563cf1463b4,nan,Colorado,Covered,58,nan,No,No,No,0.95,https://healthy.kaiserpermanente.org/content/dam/kporg/final/documents/formularies/co/preferred-provider-organization-co-en.pdf,Kaiser Permanente Insurance Company (KPIC),Kaiser Permanente,Colorado_Kaiser Permanente_Kaiser Permanente Insurance Company (KPIC).pdf,,,,completed
176af29d-156d-4517-992b-a34bd3a3193b,1fb786b9-7b65-4119-9af3-a2b7f41deef5,8f0f304c-e7cb-4d6c-a107-a563cf1463b4,nan,Colorado,Covered,298,nan,No,No,No,0.95,https://healthy.kaiserpermanente.org/content/dam/kporg/final/documents/formularies/co/preferred-provider-organization-co-en.pdf,Kaiser Permanente Insurance Company (KPIC),Kaiser Permanente,Colorado_Kaiser Permanente_Kaiser Permanente Insurance Company (KPIC).pdf,,,,completed
21fbeca9-2620-4778-abd8-c17fce8a4b84,1fb786b9-7b65-4119-9af3-a2b7f41deef5,8f0f304c-e7cb-4d6c-a107-a563cf1463b4,nan,Colorado,Covered,337,nan,No,No,No,0.95,https://healthy.kaiserpermanente.org/content/dam/kporg/final/documents/formularies/co/preferred-provider-organization-co-en.pdf,Kaiser Permanente Insurance Company (KPIC),Kaiser Permanente,Colorado_Kaiser Permanente_Kaiser Permanente Insurance Company (KPIC).pdf,,,,completed
939fe529-aaf4-442b-ac03-dd0254f3a77d,1fb786b9-7b65-4119-9af3-a2b7f41deef5,8f0f304c-e7cb-4d6c-a107-a563cf1463b4,nan,Colorado,Covered,"19, 20",nan,No,No,No,0.95,https://healthy.kaiserpermanente.org/content/dam/kporg/final/documents/formularies/co/preferred-provider-organization-co-en.pdf,Kaiser Permanente Insurance Company (KPIC),Kaiser Permanente,Colorado_Kaiser Permanente_Kaiser Permanente Insurance Company (KPIC).pdf,,,,completed
e20155da-1018-4f27-9105-1331e266ec58,1fb786b9-7b65-4119-9af3-a2b7f41deef5,8f0f304c-e7cb-4d6c-a107-a563cf1463b4,nan,Colorado,Covered,36,nan,No,No,No,0.95,https://healthy.kaiserpermanente.org/content/dam/kporg/final/documents/formularies/co/preferred-provider-organization-co-en.pdf,Kaiser Permanente Insurance Company (KPIC),Kaiser Permanente,Colorado_Kaiser Permanente_Kaiser Permanente Insurance Company (KPIC).pdf,,,,completed
36220079-1aac-4cb9-b316-3895caefdfca,1fb786b9-7b65-4119-9af3-a2b7f41deef5,8f0f304c-e7cb-4d6c-a107-a563cf1463b4,nan,Colorado,Covered,182,nan,No,No,No,0.95,https://healthy.kaiserpermanente.org/content/dam/kporg/final/documents/formularies/co/preferred-provider-organization-co-en.pdf,Kaiser Permanente Insurance Company (KPIC),Kaiser Permanente,Colorado_Kaiser Permanente_Kaiser Permanente Insurance Company (KPIC).pdf,,,,completed
a7546d4b-e6fa-4802-837e-0b678da4c88a,1fb786b9-7b65-4119-9af3-a2b7f41deef5,8f0f304c-e7cb-4d6c-a107-a563cf1463b4,nan,Colorado,Covered,354,nan,No,No,No,0.95,https://healthy.kaiserpermanente.org/content/dam/kporg/final/documents/formularies/co/preferred-provider-organization-co-en.pdf,Kaiser Permanente Insurance Company (KPIC),Kaiser Permanente,Colorado_Kaiser Permanente_Kaiser Permanente Insurance Company (KPIC).pdf,,,,completed
297b251c-397d-4312-b1f6-c5c02be26999,1fb786b9-7b65-4119-9af3-a2b7f41deef5,8f0f304c-e7cb-4d6c-a107-a563cf1463b4,nan,Colorado,Covered,208,nan,No,No,No,0.95,https://healthy.kaiserpermanente.org/content/dam/kporg/final/documents/formularies/co/preferred-provider-organization-co-en.pdf,Kaiser Permanente Insurance Company (KPIC),Kaiser Permanente,Colorado_Kaiser Permanente_Kaiser Permanente Insurance Company (KPIC).pdf,,,,completed
822652c2-5fa6-4f91-ae30-8bbcba4e041e,1fb786b9-7b65-4119-9af3-a2b7f41deef5,8f0f304c-e7cb-4d6c-a107-a563cf1463b4,nan,Colorado,Covered,222,nan,No,No,No,0.95,https://healthy.kaiserpermanente.org/content/dam/kporg/final/documents/formularies/co/preferred-provider-organization-co-en.pdf,Kaiser Permanente Insurance Company (KPIC),Kaiser Permanente,Colorado_Kaiser Permanente_Kaiser Permanente Insurance Company (KPIC).pdf,,,,completed
0634c9a8-edb0-4dd3-b68b-aa25f210404f,1fb786b9-7b65-4119-9af3-a2b7f41deef5,8f0f304c-e7cb-4d6c-a107-a563cf1463b4,nan,Colorado,Covered,"93, 121",nan,No,No,No,0.95,https://healthy.kaiserpermanente.org/content/dam/kporg/final/documents/formularies/co/preferred-provider-organization-co-en.pdf,Kaiser Permanente Insurance Company (KPIC),Kaiser Permanente,Colorado_Kaiser Permanente_Kaiser Permanente Insurance Company (KPIC).pdf,,,,completed
7dd0b1d0-4ad6-4e3c-b670-84e111c8db3f,1fb786b9-7b65-4119-9af3-a2b7f41deef5,8f0f304c-e7cb-4d6c-a107-a563cf1463b4,nan,Colorado,Covered,74,nan,No,No,No,0.95,https://healthy.kaiserpermanente.org/content/dam/kporg/final/documents/formularies/co/preferred-provider-organization-co-en.pdf,Kaiser Permanente Insurance Company (KPIC),Kaiser Permanente,Colorado_Kaiser Permanente_Kaiser Permanente Insurance Company (KPIC).pdf,,,,completed
8a730787-5cb3-4b04-9be4-4a3e7f86795d,1fb786b9-7b65-4119-9af3-a2b7f41deef5,8f0f304c-e7cb-4d6c-a107-a563cf1463b4,nan,Colorado,Covered,"90, 238",nan,No,No,No,0.95,https://healthy.kaiserpermanente.org/content/dam/kporg/final/documents/formularies/co/preferred-provider-organization-co-en.pdf,Kaiser Permanente Insurance Company (KPIC),Kaiser Permanente,Colorado_Kaiser Permanente_Kaiser Permanente Insurance Company (KPIC).pdf,,,,completed
a1b61787-fd62-4f91-9d0f-8444957b1fb3,1fb786b9-7b65-4119-9af3-a2b7f41deef5,8f0f304c-e7cb-4d6c-a107-a563cf1463b4,nan,Colorado,Covered,340,nan,No,No,No,0.95,https://healthy.kaiserpermanente.org/content/dam/kporg/final/documents/formularies/co/preferred-provider-organization-co-en.pdf,Kaiser Permanente Insurance Company (KPIC),Kaiser Permanente,Colorado_Kaiser Permanente_Kaiser Permanente Insurance Company (KPIC).pdf,,,,completed
8ebcdf09-89ca-4442-a83c-666b1712d165,1fb786b9-7b65-4119-9af3-a2b7f41deef5,8f0f304c-e7cb-4d6c-a107-a563cf1463b4,nan,Colorado,Covered,17,nan,No,No,No,0.95,https://healthy.kaiserpermanente.org/content/dam/kporg/final/documents/formularies/co/preferred-provider-organization-co-en.pdf,Kaiser Permanente Insurance Company (KPIC),Kaiser Permanente,Colorado_Kaiser Permanente_Kaiser Permanente Insurance Company (KPIC).pdf,,,,completed
4a29bfbf-5b9d-47ed-853f-d9f6272eed76,1fb786b9-7b65-4119-9af3-a2b7f41deef5,8f0f304c-e7cb-4d6c-a107-a563cf1463b4,nan,Colorado,Covered,220,nan,No,No,No,0.95,https://healthy.kaiserpermanente.org/content/dam/kporg/final/documents/formularies/co/preferred-provider-organization-co-en.pdf,Kaiser Permanente Insurance Company (KPIC),Kaiser Permanente,Colorado_Kaiser Permanente_Kaiser Permanente Insurance Company (KPIC).pdf,,,,completed
92f4a554-3388-456f-87fd-d03cd27e0a2e,1fb786b9-7b65-4119-9af3-a2b7f41deef5,8f0f304c-e7cb-4d6c-a107-a563cf1463b4,nan,Colorado,Covered,9,nan,No,No,No,0.95,https://healthy.kaiserpermanente.org/content/dam/kporg/final/documents/formularies/co/preferred-provider-organization-co-en.pdf,Kaiser Permanente Insurance Company (KPIC),Kaiser Permanente,Colorado_Kaiser Permanente_Kaiser Permanente Insurance Company (KPIC).pdf,,,,completed
0f2a7160-3bba-4300-aa96-66c9254e27c0,1fb786b9-7b65-4119-9af3-a2b7f41deef5,8f0f304c-e7cb-4d6c-a107-a563cf1463b4,nan,Colorado,Covered,186,nan,No,No,No,0.95,https://healthy.kaiserpermanente.org/content/dam/kporg/final/documents/formularies/co/preferred-provider-organization-co-en.pdf,Kaiser Permanente Insurance Company (KPIC),Kaiser Permanente,Colorado_Kaiser Permanente_Kaiser Permanente Insurance Company (KPIC).pdf,,,,completed
